{
  "project_info": {
    "project_number": "938956994617",
    "project_id": "gamefiedapp-e33f3",
    "storage_bucket": "gamefiedapp-e33f3.firebasestorage.app"
  },
  "client": [
    {
      "client_info": {
        "mobilesdk_app_id": "1:938956994617:android:878282fc8b0d71b9a5f5e8",
        "android_client_info": {
          "package_name": "com.example.games"
        }
      },
      "oauth_client": [],
      "api_key": [
        {
          "current_key": "AIzaSyDzE2mPOIobA1PaWkQ1eotHjNRx54UqhMA"
        }
      ],
      "services": {
        "appinvite_service": {
          "other_platform_oauth_client": []
        }
      }
    },
    {
      "client_info": {
        "mobilesdk_app_id": "1:938956994617:android:795e6b49d5037adaa5f5e8",
        "android_client_info": {
          "package_name": "com.example.gamification"
        }
      },
      "oauth_client": [],
      "api_key": [
        {
          "current_key": "AIzaSyDzE2mPOIobA1PaWkQ1eotHjNRx54UqhMA"
        }
      ],
      "services": {
        "appinvite_service": {
          "other_platform_oauth_client": []
        }
      }
    },
    {
      "client_info": {
        "mobilesdk_app_id": "1:938956994617:android:c3366f6c46f7b439a5f5e8",
        "android_client_info": {
          "package_name": "com.example.localtest"
        }
      },
      "oauth_client": [],
      "api_key": [
        {
          "current_key": "AIzaSyDzE2mPOIobA1PaWkQ1eotHjNRx54UqhMA"
        }
      ],
      "services": {
        "appinvite_service": {
          "other_platform_oauth_client": []
        }
      }
    },
    {
      "client_info": {
        "mobilesdk_app_id": "1:938956994617:android:2b90e61c8a1f6984a5f5e8",
        "android_client_info": {
          "package_name": "com.example.storagetest"
        }
      },
      "oauth_client": [],
      "api_key": [
        {
          "current_key": "AIzaSyDzE2mPOIobA1PaWkQ1eotHjNRx54UqhMA"
        }
      ],
      "services": {
        "appinvite_service": {
          "other_platform_oauth_client": []
        }
      }
    }
  ],
  "configuration_version": "1"
}